index,True,Predicted
2019-04-23,False,0.6157639
2019-04-24,False,0.243159
2019-04-25,True,0.32276046
2019-04-26,True,0.21713312
2019-04-29,True,0.53513783
2019-04-30,False,0.94101167
2019-05-01,False,0.35511816
2019-05-02,True,0.91908014
2019-05-03,False,0.4239834
2019-05-06,False,0.12697043
2019-05-07,False,0.38645154
2019-05-08,False,0.12085526
2019-05-09,True,0.29094163
2019-05-10,False,0.47293755
2019-05-13,True,0.45119643
2019-05-14,True,0.43946463
2019-05-15,True,0.93934846
2019-05-16,False,0.11132265
2019-05-17,False,0.09565361
2019-05-20,True,0.9185075
2019-05-21,False,0.14260285
2019-05-22,False,0.085429706
2019-05-23,True,0.53359455
2019-05-24,False,0.9422422
2019-05-28,False,0.55398536
2019-05-29,True,0.83501005
2019-05-30,False,0.07669898
2019-05-31,False,0.6729702
2019-06-03,True,0.80954134
2019-06-04,True,0.9357775
2019-06-05,True,0.8235474
2019-06-06,True,0.5346123
2019-06-07,True,0.92431206
2019-06-10,False,0.9393442
2019-06-11,False,0.4232778
2019-06-12,True,0.48420504
2019-06-13,False,0.24417287
2019-06-14,True,0.8492533
2019-06-17,True,0.7449101
2019-06-18,True,0.8499754
2019-06-19,True,0.7688856
2019-06-20,False,0.25282642
2019-06-21,False,0.25478867
2019-06-24,False,0.6205795
2019-06-25,False,0.6551141
2019-06-26,True,0.92766947
2019-06-27,True,0.40644094
2019-06-28,True,0.77898127
2019-07-01,True,0.4077684
2019-07-02,True,0.927456
2019-07-03,False,0.2550698
2019-07-05,False,0.14608222
2019-07-08,True,0.13365217
2019-07-09,True,0.6257049
2019-07-10,True,0.93059516
2019-07-11,True,0.87763333
2019-07-12,True,0.8914129
2019-07-15,False,0.26363492
2019-07-16,False,0.20735791
2019-07-17,True,0.21380028
2019-07-18,False,0.5609185
2019-07-19,True,0.93294275
2019-07-22,True,0.6619523
2019-07-23,True,0.7185182
2019-07-24,False,0.29140905
2019-07-25,True,0.76148957
2019-07-26,False,0.17896222
2019-07-29,False,0.5635204
2019-07-30,False,0.900501
2019-07-31,False,0.69725055
2019-08-01,False,0.21906525
2019-08-02,False,0.4043812
2019-08-05,True,0.7949009
2019-08-06,True,0.082285844
2019-08-07,True,0.9203802
2019-08-08,False,0.50842077
2019-08-09,False,0.17963035
2019-08-12,True,0.49756256
2019-08-13,False,0.36695626
2019-08-14,True,0.9348224
2019-08-15,True,0.840011
2019-08-16,True,0.8003241
2019-08-19,False,0.26020083
2019-08-20,True,0.85886353
2019-08-21,False,0.70278937
2019-08-22,False,0.1452333
2019-08-23,True,0.87646115
2019-08-26,False,0.92240995
2019-08-27,True,0.35179773
2019-08-28,True,0.89727145
2019-08-29,True,0.8809059
2019-08-30,False,0.09820495
2019-09-03,True,0.9029547
2019-09-04,True,0.90447706
2019-09-05,True,0.9400961
2019-09-06,False,0.7993966
2019-09-09,True,0.47925866
2019-09-10,True,0.85255504
2019-09-11,True,0.5848425
2019-09-12,False,0.8708546
2019-09-13,False,0.15251783
2019-09-16,True,0.20713727
2019-09-17,True,0.322776
2019-09-18,True,0.7963811
2019-09-19,False,0.20930485
2019-09-20,False,0.21349575
2019-09-23,False,0.6007498
2019-09-24,True,0.20317098
2019-09-25,False,0.1940742
2019-09-26,False,0.59720886
2019-09-27,True,0.94245094
2019-09-30,False,0.49118474
2019-10-01,False,0.2019063
2019-10-02,True,0.46570736
2019-10-03,True,0.5093993
2019-10-04,False,0.62324893
2019-10-07,False,0.071252555
2019-10-08,True,0.9055446
2019-10-09,True,0.47475582
2019-10-10,True,0.8595292
2019-10-11,False,0.47569364
2019-10-14,True,0.4156296
2019-10-15,False,0.74985045
2019-10-16,True,0.4411019
2019-10-17,False,0.20868659
2019-10-18,True,0.68692243
2019-10-21,False,0.83444357
2019-10-22,True,0.34691522
2019-10-23,True,0.75549924
2019-10-24,True,0.4270496
2019-10-25,True,0.7497478
2019-10-28,False,0.35859418
2019-10-29,True,0.7478609
2019-10-30,False,0.48332122
2019-10-31,True,0.9303795
2019-11-01,True,0.4674302
2019-11-04,False,0.80090237
2019-11-05,True,0.37098047
2019-11-06,True,0.8079151
2019-11-07,True,0.2543606
2019-11-08,False,0.10038581
2019-11-11,True,0.6691257
2019-11-12,True,0.4950478
2019-11-13,True,0.3119215
2019-11-14,True,0.59614724
2019-11-15,True,0.5384353
2019-11-18,False,0.9457159
2019-11-19,False,0.21455996
2019-11-20,False,0.48432535
2019-11-21,True,0.59911835
2019-11-22,True,0.48312557
2019-11-25,True,0.23784842
2019-11-26,True,0.9100877
2019-11-27,False,0.6738989
2019-11-29,False,0.8048734
2019-12-02,False,0.48290342
2019-12-03,True,0.83564824
2019-12-04,True,0.86105627
2019-12-05,True,0.8238517
2019-12-06,False,0.42866334
2019-12-09,False,0.2734665
2019-12-10,True,0.78621256
2019-12-11,True,0.65762985
2019-12-12,True,0.5728329
2019-12-13,True,0.92809725
2019-12-16,True,0.84564465
2019-12-17,False,0.6273187
2019-12-18,True,0.40718642
2019-12-19,True,0.87729025
2019-12-20,True,0.921178
2019-12-23,False,0.39541808
2019-12-24,True,0.8556234
2019-12-26,True,0.5394305
2019-12-27,False,0.39202008
2019-12-30,True,0.48102105
2019-12-31,True,0.9268287
2020-01-02,False,0.4005735
2020-01-03,True,0.069223486
2020-01-06,False,0.40875655
2020-01-07,True,0.28298205
2020-01-08,True,0.62367237
2020-01-09,False,0.8909838
2020-01-10,True,0.86251324
2020-01-13,False,0.5627115
2020-01-14,True,0.6080904
2020-01-15,True,0.92555124
2020-01-16,True,0.8652109
2020-01-17,False,0.54508275
2020-01-21,True,0.4645146
2020-01-22,True,0.1893763
2020-01-23,False,0.7222912
2020-01-24,False,0.23848826
2020-01-27,True,0.75497115
2020-01-28,False,0.92493445
2020-01-29,True,0.3974521
2020-01-30,False,0.6472419
2020-01-31,True,0.78507257
2020-02-03,True,0.8086233
2020-02-04,True,0.9190307
2020-02-05,True,0.49437514
2020-02-06,False,0.12652484
2020-02-07,True,0.11782661
2020-02-10,True,0.92243785
2020-02-11,True,0.59913903
2020-02-12,False,0.105686806
2020-02-13,True,0.879471
2020-02-14,False,0.15346178
2020-02-18,True,0.436074
2020-02-19,False,0.18996117
2020-02-20,False,0.095048666
2020-02-21,False,0.21184823
2020-02-24,False,0.6332519
2020-02-25,False,0.83799833
2020-02-26,False,0.16498516
2020-02-27,False,0.13676918
2020-02-28,True,0.9253695
2020-03-02,False,0.89329535
2020-03-03,True,0.8117523
2020-03-04,False,0.14395465
2020-03-05,False,0.10846655
2020-03-06,False,0.109338135
2020-03-09,True,0.8122111
2020-03-10,False,0.09839102
2020-03-11,False,0.095297016
2020-03-12,True,0.80872715
2020-03-13,False,0.08284168
2020-03-16,True,0.83377475
2020-03-17,False,0.07973796
2020-03-18,True,0.67489374
2020-03-19,False,0.9393959
2020-03-20,False,0.073604815
2020-03-23,True,0.8269046
2020-03-24,True,0.9334389
2020-03-25,True,0.7602562
2020-03-26,False,0.0766831
2020-03-27,True,0.92374605
2020-03-30,False,0.5378945
2020-03-31,False,0.07417439
2020-04-01,True,0.37086424
2020-04-02,False,0.4024645
2020-04-03,True,0.8906445
2020-04-06,False,0.8880699
2020-04-07,True,0.63001746
2020-04-08,True,0.7004492
2020-04-09,False,0.6299104
2020-04-13,True,0.83833396
2020-04-14,False,0.06493086
2020-04-15,True,0.89619696
2020-04-16,True,0.84948504
2020-04-17,False,0.33838955
2020-04-20,False,0.07380826
2020-04-21,True,0.8483066
2020-04-22,False,0.6646552
2020-04-23,True,0.87316
2020-04-24,True,0.9273586
2020-04-27,False,0.8856285
2020-04-28,True,0.8560331
2020-04-29,False,0.13198379
2020-04-30,False,0.061267752
2020-05-01,True,0.53805333
2020-05-04,True,0.7697019
2020-05-05,False,0.8956962
2020-05-06,True,0.64059305
2020-05-07,True,0.75982255
2020-05-08,True,0.705108
2020-05-11,False,0.8306797
2020-05-12,False,0.4016192
2020-05-13,True,0.2502944
2020-05-14,True,0.09891974
2020-05-15,True,0.86948675
2020-05-18,False,0.7446882
2020-05-19,True,0.71704954
2020-05-20,False,0.21112819
2020-05-21,True,0.36847535
2020-05-22,True,0.88965416
2020-05-26,True,0.93812263
2020-05-27,False,0.8264444
2020-05-28,True,0.22266495
2020-05-29,True,0.4897899
2020-06-01,True,0.64571774
2020-06-02,True,0.93799245
2020-06-03,False,0.19172823
2020-06-04,True,0.88751113
2020-06-05,True,0.79218227
2020-06-08,False,0.105003916
2020-06-09,False,0.8081806
2020-06-10,False,0.057130218
2020-06-11,True,0.82868636
2020-06-12,True,0.05583112
2020-06-15,True,0.8985544
2020-06-16,False,0.7474334
2020-06-17,True,0.11697632
2020-06-18,False,0.9338967
2020-06-19,True,0.33677512
2020-06-22,True,0.93054086
2020-06-23,False,0.6123804
2020-06-24,True,0.49098286
2020-06-25,False,0.12303178
2020-06-26,True,0.66391057
2020-06-29,True,0.45922646
2020-06-30,True,0.77479553
2020-07-01,True,0.7939267
2020-07-02,True,0.81374204
2020-07-06,False,0.13656369
2020-07-07,True,0.67789984
2020-07-08,False,0.7063242
2020-07-09,True,0.4794254
2020-07-10,False,0.9257065
2020-07-13,True,0.2846716
2020-07-14,True,0.8529473
2020-07-15,False,0.5302232
2020-07-16,True,0.69087315
2020-07-17,True,0.5227051
2020-07-20,True,0.7134265
2020-07-21,True,0.7127049
2020-07-22,False,0.39401716
2020-07-23,False,0.5012323
2020-07-24,True,0.65076053
2020-07-27,False,0.276647
2020-07-28,True,0.7079168
2020-07-29,False,0.4953794
2020-07-30,True,0.9067355
2020-07-31,True,0.82632184
2020-08-03,True,0.4774969
2020-08-04,True,0.79921097
2020-08-05,True,0.584008
2020-08-06,True,0.56117064
2020-08-07,True,0.8630008
2020-08-10,False,0.68876374
2020-08-11,True,0.92402667
2020-08-12,False,0.6146305
2020-08-13,False,0.6210504
2020-08-14,True,0.6948093
2020-08-17,True,0.90117013
2020-08-18,False,0.5704221
2020-08-19,True,0.16595456
2020-08-20,True,0.55600446
2020-08-21,True,0.86855406
2020-08-24,True,0.6827282
2020-08-25,True,0.7948179
2020-08-26,True,0.8274035
2020-08-27,True,0.6039346
2020-08-28,False,0.33880574
2020-08-31,True,0.7957294
2020-09-01,True,0.8726314
2020-09-02,False,0.39493406
2020-09-03,False,0.2696128
2020-09-04,False,0.1729816
2020-09-08,True,0.8971868
2020-09-09,False,0.5285241
2020-09-10,True,0.46368152
2020-09-11,True,0.9189808
2020-09-14,True,0.9140315
2020-09-15,False,0.6704179
2020-09-16,False,0.3130912
2020-09-17,False,0.5939586
2020-09-18,False,0.33185634
2020-09-21,True,0.9266897
2020-09-22,False,0.6835037
2020-09-23,True,0.14068317
2020-09-24,True,0.18874522
2020-09-25,True,0.78842133
2020-09-28,False,0.31846425
2020-09-29,True,0.8433676
2020-09-30,True,0.9324449
2020-10-01,False,0.18963447
2020-10-02,True,0.87878007
2020-10-05,False,0.51811385
2020-10-06,True,0.9279376
2020-10-07,True,0.93228716
2020-10-08,True,0.51184064
2020-10-09,True,0.9313649
2020-10-12,False,0.536834
2020-10-13,False,0.78751004
2020-10-14,False,0.32111236
2020-10-15,True,0.6229962
2020-10-16,False,0.6675415
2020-10-19,True,0.6368171
2020-10-20,False,0.5189132
2020-10-21,True,0.31902862
2020-10-22,True,0.76614577
2020-10-23,False,0.10213643
2020-10-26,False,0.6411067
2020-10-27,False,0.15496686
2020-10-28,True,0.8163894
2020-10-29,False,0.67571837
2020-10-30,True,0.8459737
2020-11-02,True,0.9361239
2020-11-03,True,0.90874815
2020-11-04,True,0.91652054
2020-11-05,False,0.7331008
2020-11-06,True,0.9034599
2020-11-09,False,0.47119778
2020-11-10,True,0.90076923
2020-11-11,False,0.59477127
2020-11-12,True,0.93968505
2020-11-13,True,0.9407358
2020-11-16,False,0.28947756
2020-11-17,False,0.6408662
2020-11-18,True,0.54523075
2020-11-19,False,0.7276645
2020-11-20,True,0.77107626
2020-11-23,True,0.9152871
2020-11-24,False,0.25801846
2020-11-25,True,0.77279717
2020-11-27,False,0.4685392
2020-11-30,True,0.93723714
2020-12-01,True,0.6269952
2020-12-02,False,0.23139285
2020-12-03,True,0.8676814
2020-12-04,False,0.4795043
2020-12-07,True,0.65064347
2020-12-08,False,0.6747508
2020-12-09,False,0.27637854
2020-12-10,False,0.21782757
2020-12-11,False,0.72815734
2020-12-14,True,0.8224191
2020-12-15,True,0.24643442
2020-12-16,True,0.80499303
2020-12-17,False,0.33473068
2020-12-18,False,0.08672366
2020-12-21,False,0.49893084
2020-12-22,True,0.9239022
2020-12-23,True,0.90625656
2020-12-24,True,0.91100067
2020-12-28,False,0.46770746
2020-12-29,True,0.7837961
2020-12-30,True,0.31181356
2020-12-31,False,0.68798023
2021-01-04,True,0.60294116
2021-01-05,True,0.20312494
2021-01-06,True,0.9359101
2021-01-07,True,0.65041983
2021-01-08,False,0.07762595
2021-01-11,True,0.35532755
2021-01-12,True,0.2248268
2021-01-13,False,0.6242282
2021-01-14,False,0.49893665
2021-01-15,True,0.6938473
2021-01-19,True,0.93523914
2021-01-20,True,0.92872715
2021-01-21,False,0.63363236
2021-01-22,True,0.7951555
2021-01-25,False,0.56586826
2021-01-26,False,0.29305875
2021-01-27,True,0.53585327
2021-01-28,False,0.7030079
2021-01-29,True,0.9310774
2021-02-01,True,0.93172497
2021-02-02,True,0.74722666
2021-02-03,True,0.90836763
2021-02-04,True,0.91877514
2021-02-05,True,0.9165791
2021-02-08,False,0.24565053
2021-02-09,False,0.80550826
2021-02-10,True,0.9248083
2021-02-11,True,0.4066743
2021-02-12,False,0.909588
2021-02-16,False,0.31612486
2021-02-17,False,0.27645904
2021-02-18,False,0.8545593
2021-02-19,False,0.40188524
2021-02-22,True,0.60941786
2021-02-23,True,0.7795502
2021-02-24,False,0.581379
2021-02-25,False,0.7941673
2021-02-26,True,0.87126225
2021-03-01,False,0.3420575
2021-03-02,False,0.1770948
2021-03-03,False,0.6182988
2021-03-04,True,0.93908787
2021-03-05,False,0.33691153
2021-03-08,True,0.877354
2021-03-09,True,0.9463552
2021-03-10,True,0.9491919
2021-03-11,True,0.27591097
2021-03-12,True,0.5059603
2021-03-15,False,0.87245446
2021-03-16,True,0.17765576
2021-03-17,False,0.5020101
2021-03-18,False,0.20396966
2021-03-19,True,0.4169334
2021-03-22,False,0.63757056
2021-03-23,False,0.65864044
2021-03-24,True,0.44047484
2021-03-25,True,0.34777233
2021-03-26,False,0.34888142
2021-03-29,False,0.7188835
2021-03-30,True,0.50344473
2021-03-31,True,0.9369772
2021-04-01,True,0.7410396
2021-04-05,False,0.16694757
2021-04-06,True,0.30068645
2021-04-07,True,0.75359267
2021-04-08,True,0.1598627
2021-04-09,False,0.45719817
2021-04-12,True,0.37148374
2021-04-13,False,0.36000457
2021-04-14,True,0.7826341
2021-04-15,True,0.49242184
2021-04-16,False,0.28036213
2021-04-19,False,0.41226277
2021-04-20,True,0.24293579
2021-04-21,False,0.60962147
2021-04-22,True,0.6004286
2021-04-23,True,0.75112
2021-04-26,False,0.7226699
2021-04-27,False,0.16523442
2021-04-28,True,0.90139073
2021-04-29,False,0.1914819
2021-04-30,True,0.799901
2021-05-03,False,0.19868778
2021-05-04,True,0.66642314
2021-05-05,True,0.64845675
2021-05-06,True,0.7982985
2021-05-07,False,0.41927704
2021-05-10,False,0.4095201
2021-05-11,False,0.29166836
2021-05-12,True,0.599106
2021-05-13,True,0.95037174
2021-05-14,False,0.27113992
2021-05-17,False,0.482319
2021-05-18,False,0.07200281
2021-05-19,True,0.9122168
2021-05-20,False,0.470934
2021-05-21,True,0.7827918
2021-05-24,False,0.83891636
2021-05-25,True,0.48844847
2021-05-26,True,0.92407084
2021-05-27,True,0.5200406
2021-05-28,False,0.6956761
2021-06-01,True,0.8060826
2021-06-02,False,0.20087124
2021-06-03,True,0.68324757
2021-06-04,False,0.64398795
2021-06-07,True,0.93374413
2021-06-08,False,0.43135393
2021-06-09,True,0.61362255
2021-06-10,True,0.58662105
2021-06-11,True,0.6086452
2021-06-14,False,0.4781125
2021-06-15,False,0.47460997
2021-06-16,False,0.5232891
2021-06-17,False,0.1941573
2021-06-18,True,0.9061391
2021-06-21,True,0.3095708
2021-06-22,False,0.5171263
2021-06-23,True,0.7799507
2021-06-24,True,0.8171746
2021-06-25,True,0.66393536
2021-06-28,True,0.3396159
2021-06-29,True,0.46316957
2021-06-30,True,0.53422165
2021-07-01,True,0.9252944
2021-07-02,False,0.74162215
2021-07-06,True,0.8991919
2021-07-07,False,0.3536195
2021-07-08,True,0.44129562
2021-07-09,True,0.26922005
2021-07-12,False,0.43898654
2021-07-13,True,0.7865313
2021-07-14,False,0.35200402
2021-07-15,False,0.92285216
2021-07-16,False,0.08025982
2021-07-19,True,0.9149921
2021-07-20,True,0.8228296
2021-07-21,True,0.39508107
2021-07-22,True,0.7116943
2021-07-23,True,0.15585743
2021-07-26,False,0.28310105
2021-07-27,False,0.5228333
2021-07-28,True,0.51763546
2021-07-29,False,0.308967
2021-07-30,False,0.7681026
2021-08-02,True,0.7603483
2021-08-03,False,0.19405024
2021-08-04,True,0.926795
2021-08-05,True,0.26808137
2021-08-06,False,0.53217614
2021-08-09,True,0.65454906
2021-08-10,True,0.8066516
2021-08-11,True,0.6200209
2021-08-12,True,0.63627076
2021-08-13,True,0.32788447
2021-08-16,False,0.4247153
2021-08-17,False,0.17076853
2021-08-18,True,0.16227756
2021-08-19,True,0.7952651
2021-08-20,True,0.8043404
2021-08-23,True,0.81141186
2021-08-24,True,0.6750452
2021-08-25,False,0.30205145
2021-08-26,True,0.7216466
2021-08-27,True,0.6802135
2021-08-30,False,0.6234199
2021-08-31,True,0.3547627
2021-09-01,True,0.59857816
2021-09-02,False,0.37479314
2021-09-03,False,0.426366
2021-09-07,False,0.22725129
2021-09-08,False,0.51798177
2021-09-09,False,0.6871288
2021-09-10,True,0.8066086
2021-09-13,False,0.5918401
2021-09-14,True,0.6447004
2021-09-15,False,0.3375593
2021-09-16,False,0.3359226
2021-09-17,False,0.06816539
2021-09-20,False,0.42850786
2021-09-21,True,0.67034304
2021-09-22,True,0.7703865
2021-09-23,True,0.47680426
2021-09-24,False,0.23512423
2021-09-27,False,0.22385208
2021-09-28,True,0.4727033
2021-09-29,False,0.8440862
2021-09-30,True,0.57748765
2021-10-01,False,0.6195766
2021-10-04,True,0.6281034
2021-10-05,True,0.08120216
2021-10-06,True,0.9435509
2021-10-07,False,0.9315611
2021-10-08,False,0.33113784
2021-10-11,False,0.8694635
2021-10-12,True,0.841416
2021-10-13,True,0.72520155
2021-10-14,True,0.6966992
2021-10-15,True,0.20989087
2021-10-18,True,0.56369287
2021-10-19,True,0.8434594
2021-10-20,True,0.27750438
2021-10-21,False,0.3409451
2021-10-22,True,0.8322033
2021-10-25,True,0.6587227
2021-10-26,False,0.7683448
2021-10-27,True,0.7460761
2021-10-28,True,0.5186426
2021-10-29,True,0.75758183
2021-11-01,True,0.465431
2021-11-02,True,0.29666024
2021-11-03,True,0.42236847
2021-11-04,True,0.9500386
2021-11-05,True,0.6239418
2021-11-08,False,0.7213818
2021-11-09,False,0.18372539
2021-11-10,True,0.72732556
2021-11-11,True,0.7905424
2021-11-12,False,0.53151774
2021-11-15,True,0.39853483
2021-11-16,False,0.50774735
2021-11-17,True,0.7513694
2021-11-18,False,0.70309645
2021-11-19,False,0.655608
2021-11-22,True,0.3329042
2021-11-23,True,0.13392547
2021-11-24,False,0.089999534
2021-11-26,True,0.9366151
2021-11-29,False,0.20824452
2021-11-30,False,0.9351698
2021-12-01,True,0.5381
2021-12-02,False,0.7186899
2021-12-03,True,0.76286304
2021-12-06,True,0.88962775
2021-12-07,True,0.7031442
2021-12-08,False,0.42609945
2021-12-09,True,0.9533207
2021-12-10,False,0.21612227
2021-12-13,False,0.29200318
2021-12-14,True,0.5397988
2021-12-15,False,0.6399406
2021-12-16,False,0.33182657
2021-12-17,False,0.071425684
2021-12-20,True,0.87592167
2021-12-21,True,0.49044475
2021-12-22,True,0.84335655
2021-12-23,True,0.83238196
2021-12-27,False,0.73257
2021-12-28,True,0.3605958
2021-12-29,False,0.50513244
2021-12-30,False,0.4878929
2021-12-31,True,0.76353914
2022-01-03,False,0.8448473
2022-01-04,False,0.3471567
2022-01-05,False,0.33999506
2022-01-06,False,0.28918922
2022-01-07,False,0.2135642
2022-01-10,True,0.48190898
2022-01-11,True,0.8387621
2022-01-12,False,0.8380324
2022-01-13,True,0.21931551
2022-01-14,False,0.07260158
2022-01-18,False,0.6852364
2022-01-19,False,0.6175617
2022-01-20,False,0.5190254
2022-01-21,True,0.19812629
2022-01-24,False,0.24686852
2022-01-25,False,0.91613865
2022-01-26,False,0.9300655
2022-01-27,True,0.62255865
2022-01-28,True,0.44215897
2022-01-31,True,0.6703996
2022-02-01,True,0.95382386
2022-02-02,False,0.25472805
2022-02-03,True,0.6426829
2022-02-04,False,0.77421767
2022-02-07,True,0.3302927
2022-02-08,True,0.91616964
2022-02-09,False,0.0721109
2022-02-10,False,0.5092575
2022-02-11,False,0.28827462
2022-02-14,True,0.90185755
2022-02-15,True,0.36107212
2022-02-16,False,0.37376603
2022-02-17,False,0.6658288
2022-02-18,False,0.2805662
2022-02-22,False,0.94018406
2022-02-23,True,0.079979226
2022-02-24,True,0.713502
2022-02-25,False,0.06153002
2022-02-28,False,0.50506073
2022-03-01,True,0.5375504
2022-03-02,False,0.814724
2022-03-03,False,0.7136357
2022-03-04,False,0.27081925
2022-03-07,False,0.6079965
2022-03-08,True,0.88312876
2022-03-09,False,0.2069454
2022-03-10,False,0.8897976
2022-03-11,False,0.20901217
2022-03-14,True,0.6905197
2022-03-15,True,0.8844404
2022-03-16,True,0.21716237
2022-03-17,True,0.33446935
2022-03-18,False,0.65314525
2022-03-21,True,0.81651807
2022-03-22,False,0.28313646
2022-03-23,True,0.63817334
2022-03-24,True,0.45332468
2022-03-25,True,0.20785709
2022-03-28,True,0.9013094
2022-03-29,False,0.30899763
2022-03-30,False,0.38371083
2022-03-31,True,0.7393664
2022-04-01,True,0.50924706
2022-04-04,False,0.49076575
2022-04-05,False,0.06379032
2022-04-06,True,0.51730466
2022-04-07,False,0.24215275
2022-04-08,False,0.16204508
2022-04-11,False,0.9064334
2022-04-12,True,0.39650458
2022-04-13,False,0.5885218
2022-04-14,False,0.3368527
2022-04-18,True,0.73652077
2022-04-19,False,0.7549393
2022-04-20,False,0.8859453
2022-04-21,False,0.2762713
2022-04-22,True,0.28287628
2022-04-25,False,0.24503854
2022-04-26,True,0.6423626
2022-04-27,True,0.8834159
2022-04-28,False,0.06549818
2022-04-29,True,0.24469672
2022-05-02,True,0.7646809
2022-05-03,True,0.44792926
2022-05-04,False,0.056954924
2022-05-05,False,0.3930027
2022-05-06,False,0.23635389
2022-05-09,True,0.8396998
2022-05-10,False,0.4927881
2022-05-11,False,0.39969552
2022-05-12,True,0.8731013
2022-05-13,False,0.45660335
2022-05-16,True,0.8519333
2022-05-17,False,0.37148958
2022-05-18,False,0.07282799
2022-05-19,True,0.8718564
2022-05-20,True,0.9302651
2022-05-23,False,0.06515718
2022-05-24,True,0.285799
2022-05-25,True,0.8425697
2022-05-26,True,0.8643995
2022-05-27,False,0.25707027
2022-05-31,False,0.94034934
2022-06-01,True,0.45169058
2022-06-02,False,0.29639065
2022-06-03,True,0.8789186
2022-06-06,True,0.13822734
2022-06-07,False,0.20758083
2022-06-08,False,0.43455958
2022-06-09,False,0.16775183
2022-06-10,False,0.31324705
2022-06-13,False,0.76408666
2022-06-14,True,0.87228554
2022-06-15,False,0.29579595
2022-06-16,True,0.7331282
2022-06-17,True,0.8755693
2022-06-21,False,0.28822985
2022-06-22,True,0.35402313
2022-06-23,True,0.8771174
2022-06-24,False,0.57384473
2022-06-27,False,0.7642296
2022-06-28,False,0.77972144
2022-06-29,False,0.21767062
2022-06-30,True,0.37212366
2022-07-01,True,0.18861304
2022-07-05,True,0.5685235
2022-07-06,True,0.76871663
2022-07-07,False,0.25577027
2022-07-08,False,0.22773401
2022-07-11,False,0.55584645
2022-07-12,False,0.1573703
2022-07-13,False,0.16920517
2022-07-14,True,0.8797484
2022-07-15,False,0.8912858
2022-07-18,True,0.87686133
2022-07-19,True,0.27861738
2022-07-20,True,0.38171998
2022-07-21,False,0.6516273
2022-07-22,True,0.8288891
2022-07-25,False,0.280049
2022-07-26,True,0.8863343
2022-07-27,True,0.41827875
2022-07-28,True,0.6822516
2022-07-29,False,0.37508842
2022-08-01,False,0.21619916
2022-08-02,True,0.8821971
2022-08-03,False,0.58037627
2022-08-04,False,0.2901018
2022-08-05,False,0.7058778
2022-08-08,False,0.25867498
2022-08-09,True,0.88579726
2022-08-10,False,0.8838296
2022-08-11,True,0.8761263
2022-08-12,True,0.45737326
2022-08-15,True,0.25770664
2022-08-16,False,0.20071602
2022-08-17,True,0.25246808
2022-08-18,False,0.2212485
2022-08-19,False,0.31555852
2022-08-22,False,0.41064304
2022-08-23,True,0.27414757
2022-08-24,True,0.65827405
2022-08-25,False,0.53071046
2022-08-26,False,0.22858593
2022-08-29,False,0.49205762
2022-08-30,False,0.76281255
2022-08-31,True,0.22687179
2022-09-01,False,0.88092405
2022-09-02,False,0.82536274
2022-09-06,True,0.2780994
2022-09-07,True,0.6647254
2022-09-08,True,0.89020413
2022-09-09,True,0.5555669
2022-09-12,False,0.07569341
2022-09-13,True,0.76816505
2022-09-14,False,0.24323565
2022-09-15,False,0.19092952
2022-09-16,True,0.32577407
2022-09-19,False,0.04913951
2022-09-20,False,0.59798163
2022-09-21,False,0.5682132
2022-09-22,False,0.244243
2022-09-23,False,0.35792378
2022-09-26,False,0.89555496
2022-09-27,True,0.77597135
2022-09-28,False,0.26428708
2022-09-29,False,0.5338215
2022-09-30,True,0.8785154
2022-10-03,True,0.9031046
2022-10-04,False,0.15251061
2022-10-05,False,0.39963114
2022-10-06,False,0.14314914
2022-10-07,False,0.76350015
2022-10-10,False,0.27518407
2022-10-11,False,0.46207497
2022-10-12,True,0.25592476
2022-10-13,False,0.82454675
2022-10-14,True,0.89246124
2022-10-17,True,0.91538846
2022-10-18,False,0.300996
2022-10-19,False,0.22981969
2022-10-20,True,0.57605684
2022-10-21,True,0.81818503
2022-10-24,True,0.3161982
2022-10-25,False,0.23290655
2022-10-26,False,0.8054461
2022-10-27,True,0.5245858
2022-10-28,False,0.59305274
2022-10-31,False,0.8499141
2022-11-01,False,0.39910892
2022-11-02,False,0.07238858
2022-11-03,True,0.91922736
2022-11-04,True,0.6908092
2022-11-07,True,0.6778728
2022-11-08,False,0.28077292
2022-11-09,True,0.83343405
2022-11-10,True,0.8073888
2022-11-11,False,0.25494117
2022-11-14,True,0.91817427
2022-11-15,False,0.2507342
2022-11-16,False,0.1253472
2022-11-17,True,0.8381793
2022-11-18,False,0.44501922
2022-11-21,True,0.47877735
2022-11-22,True,0.38105193
2022-11-23,False,0.3536162
2022-11-25,False,0.585382
2022-11-28,False,0.45724434
2022-11-29,True,0.6265676
2022-11-30,False,0.8056721
2022-12-01,False,0.21478908
2022-12-02,False,0.45701504
2022-12-05,False,0.2927893
2022-12-06,False,0.31796315
2022-12-07,True,0.6792439
2022-12-08,False,0.62513214
2022-12-09,True,0.7207105
2022-12-12,True,0.9265457
2022-12-13,False,0.38226756
2022-12-14,False,0.20349537
2022-12-15,False,0.36374786
2022-12-16,False,0.5911028
2022-12-19,True,0.3757328
2022-12-20,True,0.89323926
2022-12-21,False,0.053682294
2022-12-22,True,0.4740402
2022-12-23,False,0.23881522
2022-12-27,False,0.3399471
2022-12-28,True,0.88420624
2022-12-29,False,0.18115374
2022-12-30,False,0.78666383
2023-01-03,True,0.8904502
2023-01-04,False,0.23222274
2023-01-05,True,0.57487035
2023-01-06,False,0.44885355
2023-01-09,True,0.32770607
2023-01-10,True,0.6907477
2023-01-11,True,0.5371098
2023-01-12,True,0.12015725
2023-01-13,False,0.3174687
2023-01-17,False,0.6356025
2023-01-18,False,0.27214006
2023-01-19,True,0.5385825
2023-01-20,True,0.5925169
2023-01-23,False,0.2867921
2023-01-24,False,0.19386537
2023-01-25,True,0.884853
2023-01-26,True,0.21263339
2023-01-27,False,0.13750306
2023-01-30,True,0.6547788
2023-01-31,True,0.28404275
2023-02-01,True,0.8436479
2023-02-02,False,0.12790763
2023-02-03,False,0.20333117
2023-02-06,True,0.5539831
2023-02-07,False,0.35426733
2023-02-08,False,0.8575136
2023-02-09,True,0.2596238
2023-02-10,True,0.83543485
2023-02-13,False,0.34592807
2023-02-14,True,0.18407486
2023-02-15,False,0.23594446
2023-02-16,False,0.3325832
2023-02-17,False,0.07014636
2023-02-21,False,0.77467793
2023-02-22,True,0.8366147
2023-02-23,False,0.123270795
2023-02-24,True,0.7102334
2023-02-27,False,0.41704696
2023-02-28,False,0.3128428
2023-03-01,True,0.23299408
2023-03-02,True,0.90387565
2023-03-03,True,0.52925956
2023-03-06,False,0.40663454
2023-03-07,True,0.37867326
2023-03-08,False,0.77701914
2023-03-09,False,0.6072383
2023-03-10,False,0.065485984
2023-03-13,True,0.83660775
2023-03-14,False,0.10388453
2023-03-15,True,0.25765017
2023-03-16,False,0.26747236
2023-03-17,True,0.45947665
2023-03-20,True,0.8883182
2023-03-21,False,0.268315
2023-03-22,True,0.76876736
2023-03-23,True,0.50262636
2023-03-24,True,0.62520176
2023-03-27,False,0.4033891
2023-03-28,True,0.82211214
2023-03-29,True,0.7403228
2023-03-30,True,0.792243
2023-03-31,True,0.30419207
2023-04-03,False,0.6682814
2023-04-04,False,0.36345866
2023-04-05,True,0.40739426
2023-04-06,True,0.23553115
2023-04-10,False,0.51370525
2023-04-11,False,0.72412246
2023-04-12,True,0.71871746
2023-04-13,False,0.42901295
2023-04-14,True,0.5243637
2023-04-17,True,0.66765726
2023-04-18,False,0.21243244
2023-04-19,False,0.22106941
2023-04-20,True,0.47465554
2023-04-21,True,0.59839225
2023-04-24,False,0.29556906
2023-04-25,False,0.51041865
2023-04-26,True,0.85450023
2023-04-27,True,0.45836228
2023-04-28,False,0.5308123
2023-05-01,False,0.37029126
2023-05-02,False,0.48720324
2023-05-03,False,0.36078066
2023-05-04,True,0.88828236
2023-05-05,True,0.6450726
2023-05-08,False,0.38386908
2023-05-09,True,0.895306
2023-05-10,False,0.2804109
2023-05-11,False,0.7967073
2023-05-12,True,0.59955776
2023-05-15,False,0.3592726
2023-05-16,True,0.6895156
2023-05-17,True,0.6303158
2023-05-18,False,0.8247939
2023-05-19,True,0.7316806
2023-05-22,False,0.3141144
2023-05-23,False,0.3523747
2023-05-24,True,0.8477768
2023-05-25,True,0.6224248
2023-05-26,True,0.89175546
2023-05-30,False,0.23864704
2023-05-31,True,0.6907546
2023-06-01,True,0.77914435
2023-06-02,False,0.55314577
2023-06-05,True,0.27283633
2023-06-06,False,0.46973088
2023-06-07,True,0.50625825
2023-06-08,True,0.6973191
2023-06-09,True,0.7201583
2023-06-12,True,0.73084503
2023-06-13,True,0.40721762
2023-06-14,True,0.32748577
2023-06-15,False,0.7043126
2023-06-16,False,0.32277992
2023-06-20,False,0.4206389
2023-06-21,True,0.59407824
2023-06-22,False,0.057419218
2023-06-23,False,0.3824492
2023-06-26,True,0.64817595
2023-06-27,False,0.51926684
2023-06-28,True,0.2831887
2023-06-29,True,0.8794216
2023-06-30,True,0.36075148
2023-07-03,False,0.3260645
2023-07-05,False,0.24729975
2023-07-06,False,0.33992004
2023-07-07,True,0.3642635
2023-07-10,True,0.6677679
2023-07-11,True,0.81010485
2023-07-12,True,0.912171
2023-07-13,False,0.471872
